{"classes": ["ArmFlapping", "HeadBanging", "Spinning"], "feature_dim": 37, "mean": [0.21200156211853027, 0.23267771303653717, 13.730175971984863, 0.1640966236591339, 0.18462061882019043, 12.76859188079834, 0.16618184745311737, 0.18701107800006866, 14.951323509216309, 0.29989179968833923, 0.3239291310310364, 14.309781074523926, 0.2855377495288849, 0.31725847721099854, 16.658573150634766, 0.42438676953315735, 0.4688895046710968, 16.794021606445312, 0.4008241593837738, 0.44529688358306885, 16.917621612548828, 0.07765261083841324, 0.08732231706380844, 14.772367477416992, 0.07765258848667145, 0.08732230961322784, 14.772385597229004, 0.2979535460472107, 5.6543402671813965, 0.20162512362003326, 0.2731447219848633, 0.21562126278877258, 0.27208903431892395, 0.17898638546466827, 0.2895573675632477, 0.22529670596122742, 0.24952591955661774], "std": [0.5452620387077332, 0.8674486875534058, 52.26681137084961, 0.4227619767189026, 0.6283734440803528, 24.344356536865234, 0.41806355118751526, 0.6253905296325684, 36.9171257019043, 0.724414050579071, 1.1355562210083008, 28.42818832397461, 0.6393883228302002, 1.0756183862686157, 32.8572883605957, 0.9736880660057068, 1.687593936920166, 44.975276947021484, 0.8127303123474121, 1.5684596300125122, 31.255781173706055, 0.21492013335227966, 0.34020164608955383, 24.78660011291504, 0.21492010354995728, 0.3402017652988434, 24.786701202392578, 0.30976638197898865, 5.883243560791016, 0.16089653968811035, 0.08471862971782684, 0.19898968935012817, 0.08664388954639435, 0.1322004348039627, 0.09326700121164322, 0.2090955376625061, 0.09135445207357407], "window": 20, "stride": 6, "cv_mean_acc": 0.607, "cv_std_acc": 0.075}